Date,Description,Amount,Category,Source
2022-12-18,Water Bill,-310.11,Utilities,Main Account
2022-12-28,Doctor Visit,-472.06,Healthcare,Main Account
2024-01-24,Consulting Work,2846.21,Freelance,Main Account
2024-02-14,Netflix,-464.92,Entertainment,Main Account
2023-08-11,Crypto Gain,1496.48,Investments,Main Account
2024-04-30,Bonus Payment,2940.26,Salary,Main Account
2024-08-23,Consulting Work,4658.59,Freelance,Main Account
2023-07-12,Consulting Work,873.33,Freelance,Main Account
2024-06-16,Walmart,-331.71,Groceries,Main Account
2023-03-26,Stock Dividend,3651.33,Investments,Main Account
2023-10-17,Concert Tickets,-82.1,Entertainment,Main Account
2023-05-03,Olive Garden,-336.22,Restaurant,Main Account
2024-06-25,Trader Joe's,-38.74,Groceries,Main Account
2024-06-09,Costco,-202.42,Groceries,Main Account
2023-12-02,Kroger,-378.01,Groceries,Main Account
2024-08-25,Internet Service,-263.49,Utilities,Main Account
2024-07-25,Booking.com,-259.7,Travel,Main Account
2024-07-08,Annual Salary,4663.12,Salary,Main Account
2023-09-23,Water Bill,-488.27,Utilities,Main Account
2024-08-02,eBay,-353.19,Online Shopping,Main Account
2024-06-09,eBay,-495.14,Online Shopping,Main Account
2024-08-06,Starbucks,-98.74,Restaurant,Main Account
2023-08-23,Walmart Online,-297.76,Online Shopping,Main Account
2024-03-14,Gig Payment,3904.06,Freelance,Main Account
2023-07-08,Gig Payment,1953.93,Freelance,Main Account
2023-01-27,Annual Salary,1518.43,Salary,Main Account
2024-01-01,Pharmacy,-415.03,Healthcare,Main Account
2023-10-03,Stock Dividend,1859.67,Investments,Main Account
2023-03-19,Kroger,-211.14,Groceries,Main Account
2024-06-12,Doctor Visit,-183.41,Healthcare,Main Account
2023-05-02,Pharmacy,-250.47,Healthcare,Main Account
2023-12-18,Uber,-369.61,Travel,Main Account
2023-06-20,Crypto Gain,4740.95,Investments,Main Account
2024-10-11,Consulting Work,2665.01,Freelance,Main Account
2024-03-31,Annual Salary,4863.68,Salary,Main Account
2023-05-13,Gaming Subscription,-47.06,Entertainment,Main Account
2023-06-17,Annual Salary,2396.37,Salary,Main Account
2023-12-30,Consulting Work,4587.77,Freelance,Main Account
2023-10-22,Walmart Online,-498.94,Online Shopping,Main Account
2024-08-18,Panera Bread,-240.95,Restaurant,Main Account
2023-08-15,Doctor Visit,-30.76,Healthcare,Main Account
2023-03-07,Uber,-334.84,Travel,Main Account
2023-02-17,Movie Theater,-360.97,Entertainment,Main Account
2023-04-18,Panera Bread,-228.61,Restaurant,Main Account
2023-08-23,Monthly Salary,3292.52,Salary,Main Account
2023-02-11,Consulting Work,1015.94,Freelance,Main Account
2024-02-08,Gig Payment,587.97,Freelance,Main Account
2023-08-02,Olive Garden,-438.2,Restaurant,Main Account
2023-12-24,Stock Dividend,1881.72,Investments,Main Account
2023-05-21,eBay,-479.36,Online Shopping,Main Account
2024-10-09,Lyft,-198.09,Travel,Main Account
2023-11-30,Pharmacy,-463.51,Healthcare,Main Account
2024-01-14,Consulting Work,4104.45,Freelance,Main Account
2023-12-14,Crypto Gain,2868.32,Investments,Main Account
2024-03-20,Costco,-223.91,Groceries,Main Account
2024-07-31,Electricity Bill,-316.95,Utilities,Main Account
2024-07-07,Pharmacy,-251.07,Healthcare,Main Account
2023-08-22,Gas Service,-216.57,Utilities,Main Account
2023-01-02,Best Buy,-367.99,Online Shopping,Main Account
2023-12-01,Movie Theater,-201.87,Entertainment,Main Account
2024-02-22,Freelance Project,3288.65,Freelance,Main Account
2022-12-11,Consulting Work,1491.32,Freelance,Main Account
2023-04-23,Gig Payment,4817.9,Freelance,Main Account
2024-06-19,Water Bill,-481.48,Utilities,Main Account
2023-09-15,Walmart Online,-440.41,Online Shopping,Main Account
2024-08-16,Uber,-14.46,Travel,Main Account
2024-09-17,Bonus Payment,3786.99,Salary,Main Account
2024-07-19,eBay,-461.21,Online Shopping,Main Account
2023-08-03,Gig Payment,2537.77,Freelance,Main Account
2023-07-16,Gas Service,-21.99,Utilities,Main Account
2024-04-04,Best Buy,-390.14,Online Shopping,Main Account
2024-01-01,Movie Theater,-253.63,Entertainment,Main Account
2024-09-29,Spotify,-106.11,Entertainment,Main Account
2023-12-13,Lyft,-157.62,Travel,Main Account
2024-06-04,Doctor Visit,-497.57,Healthcare,Main Account
2023-04-12,Etsy,-326.49,Online Shopping,Main Account
2024-10-22,Annual Salary,755.9,Salary,Main Account
2024-07-31,Stock Dividend,2221.3,Investments,Main Account
2024-05-19,Best Buy,-282.72,Online Shopping,Main Account
2024-11-11,Crypto Gain,1723.77,Investments,Main Account
2024-07-11,Whole Foods,-182.48,Groceries,Main Account
2024-07-08,Freelance Project,3383.59,Freelance,Main Account
2024-06-10,Consulting Work,552.74,Freelance,Main Account
2023-01-20,Lyft,-202.48,Travel,Main Account
2023-02-03,Walmart,-132.35,Groceries,Main Account
2024-07-12,Monthly Salary,1151.71,Salary,Main Account
2024-03-27,Movie Theater,-300.08,Entertainment,Main Account
2023-05-15,Amazon,-454.5,Online Shopping,Main Account
2023-05-18,Doctor Visit,-448.76,Healthcare,Main Account
2024-08-22,Kroger,-477.43,Groceries,Main Account
2023-05-29,Delta Airlines,-62.68,Travel,Main Account
2022-11-29,Best Buy,-403.68,Online Shopping,Main Account
2023-10-05,Doctor Visit,-123.37,Healthcare,Main Account
2023-02-02,Olive Garden,-78.33,Restaurant,Main Account
2024-08-15,Lyft,-98.71,Travel,Main Account
2024-07-01,Best Buy,-425.05,Online Shopping,Main Account
2023-12-10,Dentist,-266.81,Healthcare,Main Account
2023-08-28,Gas Service,-376.15,Utilities,Main Account
2023-02-28,Consulting Work,3866.76,Freelance,Main Account
2023-02-14,Stock Dividend,4726.34,Investments,Main Account
2023-04-08,Olive Garden,-10.11,Restaurant,Main Account
2024-11-09,Lab Tests,-167.88,Healthcare,Main Account
2024-05-21,Amazon,-357.13,Online Shopping,Main Account
2023-05-01,Netflix,-325.72,Entertainment,Main Account
2023-12-06,Walmart Online,-51.71,Online Shopping,Main Account
2023-04-20,Gig Payment,4852.92,Freelance,Main Account
2023-10-14,Amazon,-143.61,Online Shopping,Main Account
2023-04-19,Hospital Bill,-294.12,Healthcare,Main Account
2023-01-02,Stock Dividend,1517.16,Investments,Main Account
2023-07-30,Netflix,-450.64,Entertainment,Main Account
2024-08-28,Delta Airlines,-214.32,Travel,Main Account
2022-12-04,Walmart Online,-54.29,Online Shopping,Main Account
2023-03-30,Netflix,-242.81,Entertainment,Main Account
2024-07-17,Internet Service,-369.19,Utilities,Main Account
2024-06-01,Best Buy,-215.8,Online Shopping,Main Account
2023-10-30,Freelance Project,4255.62,Freelance,Main Account
2023-12-23,Best Buy,-103.67,Online Shopping,Main Account
2022-11-18,Olive Garden,-220.3,Restaurant,Main Account
2024-04-10,Concert Tickets,-409.73,Entertainment,Main Account
2024-01-25,Spotify,-221.78,Entertainment,Main Account
2024-05-21,Monthly Salary,4548.38,Salary,Main Account
2024-02-25,Consulting Work,1344.52,Freelance,Main Account
2023-08-28,Lab Tests,-106.28,Healthcare,Main Account
2023-11-05,Pharmacy,-92.65,Healthcare,Main Account
2024-05-02,Freelance Project,3849.39,Freelance,Main Account
2024-08-06,Freelance Project,4351.18,Freelance,Main Account
2024-08-04,Movie Theater,-336.8,Entertainment,Main Account
2022-12-22,Gas Service,-62.3,Utilities,Main Account
2024-04-05,Spotify,-198.53,Entertainment,Main Account
2024-11-09,Crypto Gain,3016.56,Investments,Main Account
2023-07-24,Monthly Salary,2932.8,Salary,Main Account
2023-08-01,Consulting Work,4736.73,Freelance,Main Account
2024-04-29,Freelance Project,2071.73,Freelance,Main Account
2023-11-06,Monthly Salary,2989.03,Salary,Main Account
2024-01-19,Etsy,-232.04,Online Shopping,Main Account
2024-05-10,Hospital Bill,-178.88,Healthcare,Main Account
2024-06-08,Panera Bread,-67.09,Restaurant,Main Account
2024-08-04,Doctor Visit,-124.42,Healthcare,Main Account
2023-07-15,Lyft,-262.69,Travel,Main Account
2023-08-08,Best Buy,-34.91,Online Shopping,Main Account
2024-08-10,Olive Garden,-198.67,Restaurant,Main Account
2023-12-21,Monthly Salary,4939.7,Salary,Main Account
2024-10-30,Pharmacy,-374.31,Healthcare,Main Account
2023-05-12,eBay,-249.83,Online Shopping,Main Account
2023-12-05,Etsy,-403.4,Online Shopping,Main Account
2023-04-08,Gas Service,-405.84,Utilities,Main Account
2022-11-27,Trader Joe's,-55.99,Groceries,Main Account
2024-11-08,Gig Payment,2759.5,Freelance,Main Account
2023-05-31,Walmart,-127.73,Groceries,Main Account
2023-09-26,Consulting Work,4307.66,Freelance,Main Account
2024-02-29,Panera Bread,-73.78,Restaurant,Main Account
2023-06-06,Consulting Work,4034.14,Freelance,Main Account
2023-04-14,Starbucks,-125.76,Restaurant,Main Account
2022-12-05,Olive Garden,-180.8,Restaurant,Main Account
2023-01-09,Annual Salary,674.25,Salary,Main Account
2024-04-15,Amazon,-175.3,Online Shopping,Main Account
2023-08-23,Internet Service,-218.11,Utilities,Main Account
2023-01-28,Gas Service,-257.57,Utilities,Main Account
2024-06-30,Water Bill,-288.26,Utilities,Main Account
2024-07-07,Stock Dividend,2390.01,Investments,Main Account
2023-01-19,Gaming Subscription,-137.26,Entertainment,Main Account
2023-09-13,Crypto Gain,537.13,Investments,Main Account
2024-02-27,Uber,-411.35,Travel,Main Account
2023-06-28,Internet Service,-75.9,Utilities,Main Account
2024-08-10,Gig Payment,3959.78,Freelance,Main Account
2024-07-17,Whole Foods,-333.82,Groceries,Main Account
2023-09-21,Gas Service,-29.25,Utilities,Main Account
2023-11-06,Stock Dividend,3227.49,Investments,Main Account
2022-12-02,Costco,-459.71,Groceries,Main Account
2024-10-20,Water Bill,-53.13,Utilities,Main Account
2023-10-02,Kroger,-117.93,Groceries,Main Account
2024-10-18,Bond Interest,3985.18,Investments,Main Account
2022-12-24,Bond Interest,3199.1,Investments,Main Account
2023-08-16,Concert Tickets,-136.94,Entertainment,Main Account
2024-07-18,Electricity Bill,-332.22,Utilities,Main Account
2023-02-08,Uber,-139.9,Travel,Main Account
2023-08-03,Pharmacy,-422.99,Healthcare,Main Account
2023-06-13,McDonald's,-249.87,Restaurant,Main Account
2024-03-14,Dentist,-434.8,Healthcare,Main Account
2024-03-06,Gas Service,-17.84,Utilities,Main Account
2022-11-18,Delta Airlines,-278.74,Travel,Main Account
2024-01-03,Walmart Online,-155.23,Online Shopping,Main Account
2022-12-29,Dentist,-492.46,Healthcare,Main Account
2024-07-08,Gaming Subscription,-412.38,Entertainment,Main Account
2024-08-07,Lab Tests,-425.86,Healthcare,Main Account
2023-10-14,Hospital Bill,-432.97,Healthcare,Main Account
2023-08-01,Bonus Payment,673.27,Salary,Main Account
2024-08-09,Freelance Project,2335.99,Freelance,Main Account
2024-03-07,Lyft,-49.26,Travel,Main Account
2024-07-17,Chipotle,-266.18,Restaurant,Main Account
2022-12-31,Bond Interest,2127.87,Investments,Main Account
2023-11-08,Olive Garden,-87.28,Restaurant,Main Account
2024-06-13,Internet Service,-437.44,Utilities,Main Account
2023-10-16,Bond Interest,1970.67,Investments,Main Account
2024-03-03,Lab Tests,-263.49,Healthcare,Main Account
2023-05-25,Electricity Bill,-115.78,Utilities,Main Account
2024-09-24,Olive Garden,-136.96,Restaurant,Main Account
2024-04-18,Consulting Work,2504.86,Freelance,Main Account
2023-12-22,Stock Dividend,4620.04,Investments,Main Account
2023-06-19,Etsy,-157.97,Online Shopping,Main Account
2023-01-09,Booking.com,-37.59,Travel,Main Account
2023-12-29,Consulting Work,605.74,Freelance,Main Account
2023-11-29,Gig Payment,3027.91,Freelance,Main Account
2024-03-28,Starbucks,-200.93,Restaurant,Main Account
2024-08-07,Olive Garden,-127.26,Restaurant,Main Account
2024-07-17,Netflix,-230.15,Entertainment,Main Account
2023-07-27,Stock Dividend,3768.53,Investments,Main Account
2024-07-20,Stock Dividend,2095.53,Investments,Main Account
2023-05-23,Lyft,-383.58,Travel,Main Account
2023-07-18,Freelance Project,4838.06,Freelance,Main Account
2024-10-16,Airbnb,-409.85,Travel,Main Account
2023-10-15,Uber,-246.06,Travel,Main Account
2023-08-08,Dentist,-181.92,Healthcare,Main Account
2023-04-03,Movie Theater,-66.1,Entertainment,Main Account
2023-03-21,Consulting Work,3451.95,Freelance,Main Account
2024-07-28,Gaming Subscription,-298.66,Entertainment,Main Account
2024-01-04,Kroger,-85.66,Groceries,Main Account
2023-08-10,Airbnb,-59.1,Travel,Main Account
2023-08-09,Internet Service,-52.59,Utilities,Main Account
2023-10-30,Consulting Work,2858.55,Freelance,Main Account
2023-08-27,Best Buy,-100.8,Online Shopping,Main Account
2024-07-26,Crypto Gain,4638.06,Investments,Main Account
2023-07-15,Etsy,-229.21,Online Shopping,Main Account
2024-04-03,Amazon,-78.36,Online Shopping,Main Account
2023-09-05,Monthly Salary,990.53,Salary,Main Account
2023-04-04,Chipotle,-117.09,Restaurant,Main Account
2024-06-12,Gas Service,-251.82,Utilities,Main Account
2024-05-13,Olive Garden,-299.13,Restaurant,Main Account
2023-10-25,Starbucks,-328.27,Restaurant,Main Account
2024-03-02,Best Buy,-330.38,Online Shopping,Main Account
2024-04-09,McDonald's,-189.33,Restaurant,Main Account
2024-06-07,Gas Service,-224.95,Utilities,Main Account
2024-04-12,Hospital Bill,-256.71,Healthcare,Main Account
2023-03-12,Bond Interest,4776.19,Investments,Main Account
2023-04-23,Gas Service,-348.13,Utilities,Main Account
2024-06-19,Starbucks,-268.8,Restaurant,Main Account
2024-01-16,Stock Dividend,3856.31,Investments,Main Account
2024-10-22,Consulting Work,1480.46,Freelance,Main Account
2023-05-02,Bond Interest,837.61,Investments,Main Account
2024-10-16,Consulting Work,652.64,Freelance,Main Account
2024-05-09,Booking.com,-329.47,Travel,Main Account
2024-08-12,Monthly Salary,1485.66,Salary,Main Account
2024-02-05,Netflix,-38.84,Entertainment,Main Account
2024-02-27,Etsy,-225.97,Online Shopping,Main Account
2024-11-10,Crypto Gain,3172.71,Investments,Main Account
2024-01-12,Gig Payment,2723.7,Freelance,Main Account
2023-03-25,Starbucks,-222.17,Restaurant,Main Account
2023-01-18,Chipotle,-262.16,Restaurant,Main Account
2023-01-13,Bonus Payment,4749.63,Salary,Main Account
2022-11-27,Netflix,-447.51,Entertainment,Main Account
2023-09-29,Freelance Project,2137.92,Freelance,Main Account
2023-04-01,Electricity Bill,-378.62,Utilities,Main Account
2023-03-15,Booking.com,-454.91,Travel,Main Account
2023-07-23,Water Bill,-444.44,Utilities,Main Account
2024-04-13,Best Buy,-142.45,Online Shopping,Main Account
2024-11-07,Olive Garden,-233.98,Restaurant,Main Account
2024-05-22,Lyft,-478.08,Travel,Main Account
2022-12-30,Water Bill,-147.59,Utilities,Main Account
2023-12-30,Booking.com,-319.49,Travel,Main Account
2023-08-13,Bonus Payment,1732.57,Salary,Main Account
2024-05-27,Starbucks,-37.67,Restaurant,Main Account
2024-09-17,Delta Airlines,-369.31,Travel,Main Account
2024-02-01,Electricity Bill,-463.88,Utilities,Main Account
2024-04-21,Booking.com,-454.37,Travel,Main Account
2023-11-10,Monthly Salary,4083.35,Salary,Main Account
2023-02-17,Gig Payment,1215.32,Freelance,Main Account
2024-09-03,Costco,-390.52,Groceries,Main Account
2023-05-15,Electricity Bill,-463.34,Utilities,Main Account
2023-02-20,Internet Service,-13.06,Utilities,Main Account
2023-11-14,Lab Tests,-436.3,Healthcare,Main Account
2024-10-04,Annual Salary,924.22,Salary,Main Account
2022-12-27,Monthly Salary,3449.93,Salary,Main Account
2023-04-30,Monthly Salary,3816.24,Salary,Main Account
2024-08-28,Bonus Payment,4608.27,Salary,Main Account
2024-08-22,Lab Tests,-204.21,Healthcare,Main Account
2024-08-22,Hospital Bill,-309.29,Healthcare,Main Account
2024-01-06,Stock Dividend,1179.62,Investments,Main Account
2024-03-27,Trader Joe's,-58.9,Groceries,Main Account
2024-06-04,Uber,-496.83,Travel,Main Account
2023-12-09,Etsy,-316.4,Online Shopping,Main Account
2024-08-01,Freelance Project,4992.32,Freelance,Main Account
2022-11-30,Monthly Salary,1202.79,Salary,Main Account
2024-02-07,Chipotle,-214.63,Restaurant,Main Account
2023-09-01,Best Buy,-72.15,Online Shopping,Main Account
2023-10-28,Monthly Salary,3507.17,Salary,Main Account
2024-07-19,Walmart Online,-30.88,Online Shopping,Main Account
2023-05-02,Bonus Payment,4012.86,Salary,Main Account
2023-11-16,Gaming Subscription,-191.04,Entertainment,Main Account
2024-07-23,Consulting Work,1062.78,Freelance,Main Account
2023-06-28,Trader Joe's,-347.67,Groceries,Main Account
2024-08-12,eBay,-331.78,Online Shopping,Main Account
2023-12-24,Annual Salary,2845.68,Salary,Main Account
2024-05-19,Olive Garden,-251.87,Restaurant,Main Account
2023-01-22,Electricity Bill,-243.16,Utilities,Main Account
2023-04-14,eBay,-42.69,Online Shopping,Main Account
2023-11-02,Pharmacy,-391.37,Healthcare,Main Account
2023-06-21,Spotify,-399.65,Entertainment,Main Account
2024-11-12,Walmart,-229.37,Groceries,Main Account
2023-10-01,Uber,-166.82,Travel,Main Account
2022-12-29,Walmart Online,-86.76,Online Shopping,Main Account
2023-09-28,Electricity Bill,-225.34,Utilities,Main Account
2024-05-18,Spotify,-442.47,Entertainment,Main Account
2024-09-21,Water Bill,-413.84,Utilities,Main Account
2022-12-28,Water Bill,-249.91,Utilities,Main Account
2022-12-23,Gas Service,-377.01,Utilities,Main Account
2023-02-23,Amazon,-248.68,Online Shopping,Main Account
2024-03-18,Gaming Subscription,-59.76,Entertainment,Main Account
2023-02-01,Lab Tests,-77.19,Healthcare,Main Account
2022-12-30,Water Bill,-484.67,Utilities,Main Account
2024-02-28,Bonus Payment,3001.16,Salary,Main Account
2022-12-31,Monthly Salary,4832.86,Salary,Main Account
2024-09-19,Olive Garden,-468.0,Restaurant,Main Account
2023-04-17,Olive Garden,-119.43,Restaurant,Main Account
2023-11-21,Water Bill,-53.45,Utilities,Main Account
2023-01-04,Panera Bread,-210.05,Restaurant,Main Account
2023-12-20,Freelance Project,3623.79,Freelance,Main Account
2023-06-24,Whole Foods,-359.28,Groceries,Main Account
2024-05-29,Airbnb,-475.31,Travel,Main Account
2023-04-07,Bond Interest,1198.21,Investments,Main Account
2023-05-28,Freelance Project,1322.58,Freelance,Main Account
2024-05-22,Dentist,-458.89,Healthcare,Main Account
2024-07-29,Lab Tests,-56.45,Healthcare,Main Account
2023-04-19,Trader Joe's,-297.84,Groceries,Main Account
2024-04-30,Bond Interest,3175.84,Investments,Main Account
2024-10-28,Hospital Bill,-175.94,Healthcare,Main Account
2023-12-19,Uber,-457.44,Travel,Main Account
2023-05-27,Bond Interest,3914.21,Investments,Main Account
2024-03-28,Hospital Bill,-75.96,Healthcare,Main Account
2023-06-28,Gas Service,-409.25,Utilities,Main Account
2023-05-23,Panera Bread,-339.59,Restaurant,Main Account
2022-12-11,Hospital Bill,-480.12,Healthcare,Main Account
2024-09-11,Etsy,-169.48,Online Shopping,Main Account
2024-08-27,Costco,-349.71,Groceries,Main Account
2023-04-17,Hospital Bill,-376.02,Healthcare,Main Account
2023-01-29,Starbucks,-182.53,Restaurant,Main Account
2024-07-31,Lab Tests,-160.53,Healthcare,Main Account
2024-03-11,Best Buy,-377.52,Online Shopping,Main Account
2023-04-12,Movie Theater,-490.42,Entertainment,Main Account
2024-07-29,Gas Service,-152.97,Utilities,Main Account
2023-02-17,Uber,-289.89,Travel,Main Account
2023-09-05,Spotify,-407.5,Entertainment,Main Account
2024-09-14,eBay,-217.29,Online Shopping,Main Account
2023-01-19,Concert Tickets,-170.26,Entertainment,Main Account
2022-12-30,Walmart Online,-270.59,Online Shopping,Main Account
2024-07-07,Internet Service,-225.56,Utilities,Main Account
2024-10-11,Stock Dividend,688.21,Investments,Main Account
2024-11-02,Pharmacy,-479.26,Healthcare,Main Account
2024-06-06,Stock Dividend,3023.04,Investments,Main Account
2024-06-12,Starbucks,-214.55,Restaurant,Main Account
2023-01-25,Gig Payment,1249.31,Freelance,Main Account
2024-01-01,Amazon,-143.11,Online Shopping,Main Account
2023-05-03,Stock Dividend,3806.61,Investments,Main Account
2024-01-29,Olive Garden,-316.59,Restaurant,Main Account
2023-08-26,Stock Dividend,2170.44,Investments,Main Account
2023-10-18,Freelance Project,1294.88,Freelance,Main Account
2023-05-08,Bond Interest,1272.19,Investments,Main Account
2024-11-08,Hospital Bill,-175.01,Healthcare,Main Account
2023-09-11,Water Bill,-475.75,Utilities,Main Account
2022-12-19,Pharmacy,-109.41,Healthcare,Main Account
2024-11-03,Monthly Salary,1907.09,Salary,Main Account
2023-07-12,Dentist,-57.23,Healthcare,Main Account
2024-06-30,Lab Tests,-47.99,Healthcare,Main Account
2023-11-01,Walmart Online,-447.55,Online Shopping,Main Account
2024-03-28,Olive Garden,-54.13,Restaurant,Main Account
2023-08-22,Crypto Gain,4600.75,Investments,Main Account
2022-12-25,Crypto Gain,1349.85,Investments,Main Account
2024-04-27,Internet Service,-174.41,Utilities,Main Account
2024-01-16,Annual Salary,2595.26,Salary,Main Account
2023-01-01,Airbnb,-355.14,Travel,Main Account
2022-12-05,Gig Payment,2955.6,Freelance,Main Account
2024-02-15,Best Buy,-36.46,Online Shopping,Main Account
2023-10-05,eBay,-450.26,Online Shopping,Main Account
2023-10-03,Concert Tickets,-444.76,Entertainment,Main Account
2023-11-01,Chipotle,-306.99,Restaurant,Main Account
2023-01-07,Bonus Payment,4872.67,Salary,Main Account
2023-07-19,Chipotle,-230.43,Restaurant,Main Account
2023-08-02,Etsy,-100.85,Online Shopping,Main Account
2024-05-29,Bonus Payment,3998.48,Salary,Main Account
2023-03-18,Annual Salary,530.5,Salary,Main Account
2023-09-07,Costco,-206.83,Groceries,Main Account
2024-10-15,Gig Payment,3175.18,Freelance,Main Account
2023-10-23,Starbucks,-244.92,Restaurant,Main Account
2024-06-13,Amazon,-324.76,Online Shopping,Main Account
2024-01-09,Annual Salary,2654.69,Salary,Main Account
2023-09-09,Dentist,-450.38,Healthcare,Main Account
2024-02-14,Booking.com,-422.5,Travel,Main Account
2024-09-22,Amazon,-324.75,Online Shopping,Main Account
2023-08-29,Internet Service,-429.46,Utilities,Main Account
2023-02-08,Gas Service,-349.72,Utilities,Main Account
2023-06-19,Etsy,-451.33,Online Shopping,Main Account
2023-06-01,Netflix,-352.42,Entertainment,Main Account
2024-11-08,eBay,-476.72,Online Shopping,Main Account
2023-12-06,Best Buy,-423.03,Online Shopping,Main Account
2024-03-20,Dentist,-446.43,Healthcare,Main Account
2023-11-24,Bond Interest,4566.45,Investments,Main Account
2024-04-01,Chipotle,-471.46,Restaurant,Main Account
2023-07-03,Dentist,-18.62,Healthcare,Main Account
2023-11-04,Concert Tickets,-368.62,Entertainment,Main Account
2024-02-18,Monthly Salary,2082.27,Salary,Main Account
2024-04-07,Dentist,-457.11,Healthcare,Main Account
2023-01-25,Concert Tickets,-33.88,Entertainment,Main Account
2024-08-18,Bonus Payment,2425.44,Salary,Main Account
2023-11-07,Etsy,-135.36,Online Shopping,Main Account
2023-06-21,Lab Tests,-365.96,Healthcare,Main Account
2023-04-07,Internet Service,-486.95,Utilities,Main Account
2023-02-01,Netflix,-67.44,Entertainment,Main Account
2022-12-01,Bonus Payment,1912.06,Salary,Main Account
2023-05-04,Etsy,-133.64,Online Shopping,Main Account
2024-08-06,Water Bill,-127.87,Utilities,Main Account
2024-09-13,Starbucks,-347.3,Restaurant,Main Account
2024-04-07,Water Bill,-380.21,Utilities,Main Account
2024-09-21,Kroger,-142.73,Groceries,Main Account
2024-07-02,Starbucks,-407.43,Restaurant,Main Account
2024-07-30,Amazon,-277.33,Online Shopping,Main Account
2024-03-10,Whole Foods,-47.31,Groceries,Main Account
2024-05-11,eBay,-415.03,Online Shopping,Main Account
2024-09-10,Gaming Subscription,-488.96,Entertainment,Main Account
2022-11-22,Spotify,-328.48,Entertainment,Main Account
2024-05-30,Bond Interest,4413.74,Investments,Main Account
2023-11-17,Bonus Payment,862.3,Salary,Main Account
2023-12-21,Monthly Salary,3593.05,Salary,Main Account
2023-08-02,Gig Payment,3519.06,Freelance,Main Account
2024-11-05,Gaming Subscription,-301.48,Entertainment,Main Account
2023-10-10,Uber,-11.68,Travel,Main Account
2023-02-09,Kroger,-478.52,Groceries,Main Account
2023-09-29,Freelance Project,3766.46,Freelance,Main Account
2024-07-29,Booking.com,-448.04,Travel,Main Account
2023-01-05,Annual Salary,3534.59,Salary,Main Account
2023-10-02,Freelance Project,2018.48,Freelance,Main Account
2023-01-06,Water Bill,-33.92,Utilities,Main Account
2024-10-06,Gas Service,-462.9,Utilities,Main Account
2023-11-22,Bonus Payment,4652.1,Salary,Main Account
2023-02-09,Doctor Visit,-112.09,Healthcare,Main Account
2023-03-31,Lab Tests,-316.55,Healthcare,Main Account
2023-01-24,eBay,-53.53,Online Shopping,Main Account
2022-11-27,Amazon,-194.53,Online Shopping,Main Account
2024-04-11,eBay,-82.83,Online Shopping,Main Account
2023-09-23,Netflix,-122.75,Entertainment,Main Account
2023-05-02,Gig Payment,3710.2,Freelance,Main Account
2023-10-28,Spotify,-485.88,Entertainment,Main Account
2024-04-25,Concert Tickets,-424.31,Entertainment,Main Account
2023-03-16,Consulting Work,864.88,Freelance,Main Account
2022-11-22,Walmart Online,-290.47,Online Shopping,Main Account
2023-02-20,Bond Interest,2630.92,Investments,Main Account
2023-06-09,Water Bill,-46.85,Utilities,Main Account
2023-12-24,Annual Salary,4656.75,Salary,Main Account
2024-04-17,Gas Service,-148.63,Utilities,Main Account
2023-08-12,Booking.com,-143.22,Travel,Main Account
2023-07-18,Monthly Salary,3725.47,Salary,Main Account
2024-01-22,Gig Payment,4146.59,Freelance,Main Account
2024-08-17,Internet Service,-217.75,Utilities,Main Account
2023-10-16,Water Bill,-230.07,Utilities,Main Account
2024-09-01,Stock Dividend,1785.55,Investments,Main Account
2023-12-23,Annual Salary,838.84,Salary,Main Account
2023-01-12,Netflix,-37.27,Entertainment,Main Account
2023-03-27,Walmart Online,-393.24,Online Shopping,Main Account
2023-01-19,Delta Airlines,-352.97,Travel,Main Account
2024-10-03,Walmart Online,-467.21,Online Shopping,Main Account
2023-04-18,Gaming Subscription,-496.23,Entertainment,Main Account
2024-09-30,Whole Foods,-67.47,Groceries,Main Account
2024-08-25,Netflix,-69.49,Entertainment,Main Account
2022-11-28,Gaming Subscription,-454.04,Entertainment,Main Account
2023-06-01,Freelance Project,3648.35,Freelance,Main Account
2023-11-15,Etsy,-84.73,Online Shopping,Main Account
2023-11-18,Concert Tickets,-113.9,Entertainment,Main Account
2023-10-02,Lyft,-450.66,Travel,Main Account
2023-12-09,Trader Joe's,-480.51,Groceries,Main Account
2024-06-13,Booking.com,-324.8,Travel,Main Account
2023-06-25,Bond Interest,4495.01,Investments,Main Account
2022-11-27,Netflix,-372.92,Entertainment,Main Account
2024-05-14,Trader Joe's,-429.06,Groceries,Main Account
2024-05-16,Gig Payment,4705.35,Freelance,Main Account
2024-03-07,Freelance Project,3136.33,Freelance,Main Account
2024-07-19,Gaming Subscription,-49.93,Entertainment,Main Account
2023-04-11,Walmart,-210.04,Groceries,Main Account
2023-03-02,Movie Theater,-458.33,Entertainment,Main Account
2023-09-16,Spotify,-340.19,Entertainment,Main Account
2024-01-06,Gaming Subscription,-162.75,Entertainment,Main Account
2022-12-20,Gaming Subscription,-379.86,Entertainment,Main Account
2023-09-07,Annual Salary,1280.67,Salary,Main Account
2024-02-18,Bonus Payment,4842.93,Salary,Main Account
2023-07-21,Monthly Salary,2619.96,Salary,Main Account
2024-11-10,Uber,-429.61,Travel,Main Account
2022-12-19,Bonus Payment,3624.52,Salary,Main Account
2023-11-23,Spotify,-142.54,Entertainment,Main Account
2024-04-16,Gig Payment,2528.97,Freelance,Main Account
2024-09-20,Stock Dividend,1359.48,Investments,Main Account
2023-11-10,Spotify,-193.55,Entertainment,Main Account
2022-11-23,Pharmacy,-51.21,Healthcare,Main Account
2024-09-26,Internet Service,-72.45,Utilities,Main Account
2024-11-08,Best Buy,-330.5,Online Shopping,Main Account
2023-04-25,Annual Salary,626.76,Salary,Main Account
2023-03-06,Concert Tickets,-476.72,Entertainment,Main Account
2024-02-21,Dentist,-248.73,Healthcare,Main Account
2023-04-12,Trader Joe's,-281.7,Groceries,Main Account
2024-03-28,Whole Foods,-439.76,Groceries,Main Account
2023-06-18,Netflix,-334.54,Entertainment,Main Account
2022-12-03,Booking.com,-371.44,Travel,Main Account
2024-03-16,Annual Salary,2143.53,Salary,Main Account
2024-11-04,Costco,-497.9,Groceries,Main Account
2024-03-06,Pharmacy,-309.82,Healthcare,Main Account
2024-06-10,Water Bill,-248.15,Utilities,Main Account
2023-07-18,Bond Interest,3255.31,Investments,Main Account
2023-04-20,Concert Tickets,-147.92,Entertainment,Main Account
2023-08-15,eBay,-389.35,Online Shopping,Main Account
2023-01-13,Gaming Subscription,-160.3,Entertainment,Main Account
2024-07-19,Walmart Online,-431.46,Online Shopping,Main Account
2023-07-26,Walmart,-163.01,Groceries,Main Account
2023-05-28,Trader Joe's,-481.91,Groceries,Main Account
2023-06-17,Crypto Gain,3287.82,Investments,Main Account
2024-09-03,Gaming Subscription,-115.46,Entertainment,Main Account
2023-10-09,Netflix,-336.87,Entertainment,Main Account
2023-03-28,Bonus Payment,2409.16,Salary,Main Account
2023-05-27,Gaming Subscription,-107.07,Entertainment,Main Account
2023-03-18,Bonus Payment,1039.47,Salary,Main Account
2023-09-13,Annual Salary,1629.75,Salary,Main Account
2023-04-02,Doctor Visit,-185.77,Healthcare,Main Account
2023-06-04,Consulting Work,3725.91,Freelance,Main Account
2023-09-28,Olive Garden,-249.31,Restaurant,Main Account
2023-05-07,Water Bill,-420.18,Utilities,Main Account
2024-06-02,Lyft,-282.74,Travel,Main Account
2023-11-01,Amazon,-484.14,Online Shopping,Main Account
2023-11-25,Spotify,-133.68,Entertainment,Main Account
2024-08-26,Starbucks,-171.29,Restaurant,Main Account
2023-05-29,Panera Bread,-126.25,Restaurant,Main Account
2024-02-22,Netflix,-466.6,Entertainment,Main Account
2023-08-09,Movie Theater,-323.97,Entertainment,Main Account
2024-05-08,Freelance Project,2815.05,Freelance,Main Account
2023-12-03,Annual Salary,3792.48,Salary,Main Account
2024-10-22,Costco,-482.96,Groceries,Main Account
2023-07-29,Netflix,-299.96,Entertainment,Main Account
2024-03-14,Gas Service,-91.62,Utilities,Main Account
2023-05-02,eBay,-404.82,Online Shopping,Main Account
2023-04-08,Internet Service,-444.46,Utilities,Main Account
2022-12-16,Bond Interest,985.38,Investments,Main Account
2024-01-31,Bonus Payment,710.7,Salary,Main Account
2023-02-05,Monthly Salary,3788.08,Salary,Main Account
2023-06-03,Crypto Gain,4567.76,Investments,Main Account
2023-01-24,Crypto Gain,2765.38,Investments,Main Account
2024-03-27,Gig Payment,4126.19,Freelance,Main Account
2024-09-14,Annual Salary,860.57,Salary,Main Account
2023-09-12,Delta Airlines,-188.37,Travel,Main Account
2023-05-05,Netflix,-73.83,Entertainment,Main Account
2023-03-06,Costco,-77.97,Groceries,Main Account
2024-06-08,Walmart,-205.49,Groceries,Main Account
2024-09-18,Stock Dividend,4945.93,Investments,Main Account
2023-09-25,eBay,-72.12,Online Shopping,Main Account
2022-12-19,Annual Salary,2454.75,Salary,Main Account
2023-09-22,Annual Salary,3032.56,Salary,Main Account
2023-10-03,Uber,-83.31,Travel,Main Account
2023-04-18,Freelance Project,4676.01,Freelance,Main Account
2022-12-03,Doctor Visit,-492.55,Healthcare,Main Account
2024-05-23,Annual Salary,2523.1,Salary,Main Account
2024-02-12,Starbucks,-446.96,Restaurant,Main Account
2023-03-09,Walmart Online,-281.58,Online Shopping,Main Account
2023-07-26,Bonus Payment,3792.94,Salary,Main Account
2023-12-15,Walmart Online,-99.9,Online Shopping,Main Account
2023-12-22,Doctor Visit,-13.11,Healthcare,Main Account
2023-09-13,Bonus Payment,4191.56,Salary,Main Account
2022-12-19,Water Bill,-58.96,Utilities,Main Account
2022-11-24,Amazon,-57.79,Online Shopping,Main Account
2023-06-16,Concert Tickets,-74.67,Entertainment,Main Account
2022-12-29,Annual Salary,1585.35,Salary,Main Account
2023-03-12,Bond Interest,3498.53,Investments,Main Account
2024-03-08,Consulting Work,2400.59,Freelance,Main Account
2023-01-18,Etsy,-189.98,Online Shopping,Main Account
2024-05-17,Pharmacy,-280.29,Healthcare,Main Account
2023-09-24,eBay,-317.38,Online Shopping,Main Account
2024-02-21,Monthly Salary,778.4,Salary,Main Account
2023-03-10,Whole Foods,-21.08,Groceries,Main Account
2024-04-20,Chipotle,-80.69,Restaurant,Main Account
2023-12-17,Panera Bread,-226.89,Restaurant,Main Account
2023-09-30,Movie Theater,-427.66,Entertainment,Main Account
2023-11-23,Hospital Bill,-326.72,Healthcare,Main Account
2023-07-19,Movie Theater,-274.23,Entertainment,Main Account
2023-01-11,Stock Dividend,3893.02,Investments,Main Account
2023-02-05,Chipotle,-217.94,Restaurant,Main Account
2023-02-19,Airbnb,-327.81,Travel,Main Account
2023-05-23,Water Bill,-407.76,Utilities,Main Account
2023-06-26,Panera Bread,-57.37,Restaurant,Main Account
2024-03-19,Movie Theater,-72.18,Entertainment,Main Account
2024-03-04,Olive Garden,-33.49,Restaurant,Main Account
2024-06-17,Stock Dividend,2288.44,Investments,Main Account
2024-09-19,Monthly Salary,548.66,Salary,Main Account
2023-12-15,Delta Airlines,-393.55,Travel,Main Account
2023-10-18,Gaming Subscription,-375.55,Entertainment,Main Account
2024-06-03,Doctor Visit,-263.73,Healthcare,Main Account
2023-11-23,Water Bill,-242.93,Utilities,Main Account
2023-08-06,Doctor Visit,-302.41,Healthcare,Main Account
2023-02-06,Airbnb,-77.21,Travel,Main Account
2023-03-02,Uber,-363.71,Travel,Main Account
2023-04-12,Bond Interest,3173.28,Investments,Main Account
2024-03-20,Gas Service,-183.15,Utilities,Main Account
2024-01-08,Monthly Salary,4657.56,Salary,Main Account
2024-09-18,Walmart Online,-400.99,Online Shopping,Main Account
2024-02-13,Gaming Subscription,-376.35,Entertainment,Main Account
2024-01-08,Starbucks,-334.55,Restaurant,Main Account
2024-01-05,Bond Interest,3404.45,Investments,Main Account
2023-09-06,Netflix,-209.28,Entertainment,Main Account
2024-08-21,Concert Tickets,-380.97,Entertainment,Main Account
2023-05-20,Panera Bread,-27.67,Restaurant,Main Account
2023-06-09,Freelance Project,1253.73,Freelance,Main Account
2023-01-14,Bond Interest,2215.46,Investments,Main Account
2022-11-24,Lyft,-376.78,Travel,Main Account
2024-09-08,Freelance Project,1841.16,Freelance,Main Account
2024-09-22,Delta Airlines,-254.44,Travel,Main Account
2024-09-07,Gas Service,-33.18,Utilities,Main Account
2024-05-30,Crypto Gain,617.43,Investments,Main Account
2023-08-06,eBay,-243.12,Online Shopping,Main Account
2023-12-18,Walmart,-446.54,Groceries,Main Account
2023-03-15,Stock Dividend,2506.53,Investments,Main Account
2023-05-17,Lyft,-307.95,Travel,Main Account
2023-03-15,Gaming Subscription,-256.93,Entertainment,Main Account
2023-10-11,Etsy,-95.68,Online Shopping,Main Account
2024-08-24,Lyft,-439.16,Travel,Main Account
2024-10-28,Airbnb,-388.33,Travel,Main Account
2023-12-27,McDonald's,-336.94,Restaurant,Main Account
2024-10-14,Costco,-184.71,Groceries,Main Account
2023-07-12,Trader Joe's,-189.11,Groceries,Main Account
2022-12-13,Bond Interest,3779.2,Investments,Main Account
2023-04-17,Costco,-272.8,Groceries,Main Account
2022-11-21,Pharmacy,-182.58,Healthcare,Main Account
2024-10-03,Netflix,-11.43,Entertainment,Main Account
2024-04-30,Internet Service,-276.82,Utilities,Main Account
2024-01-16,Crypto Gain,3391.53,Investments,Main Account
2024-10-04,Dentist,-302.95,Healthcare,Main Account
2024-05-16,Uber,-472.21,Travel,Main Account
2023-11-02,Uber,-274.98,Travel,Main Account
2024-08-11,Delta Airlines,-241.65,Travel,Main Account
2024-09-17,Hospital Bill,-403.09,Healthcare,Main Account
2023-03-27,Internet Service,-325.9,Utilities,Main Account
2023-07-28,Gig Payment,4861.26,Freelance,Main Account
2023-01-26,Delta Airlines,-250.19,Travel,Main Account
2024-01-16,Concert Tickets,-450.32,Entertainment,Main Account
2024-10-13,Monthly Salary,1850.9,Salary,Main Account
2024-08-24,Olive Garden,-86.21,Restaurant,Main Account
2022-12-17,Whole Foods,-355.72,Groceries,Main Account
2023-01-31,Delta Airlines,-77.31,Travel,Main Account
2023-03-22,Spotify,-158.5,Entertainment,Main Account
2022-11-26,Gaming Subscription,-11.71,Entertainment,Main Account
2023-12-01,Costco,-341.0,Groceries,Main Account
2024-06-13,Doctor Visit,-85.37,Healthcare,Main Account
2024-07-13,Consulting Work,1600.73,Freelance,Main Account
2023-05-09,Consulting Work,3959.7,Freelance,Main Account
2024-03-08,Doctor Visit,-220.28,Healthcare,Main Account
2023-02-13,Starbucks,-85.46,Restaurant,Main Account
2023-02-16,Crypto Gain,1542.39,Investments,Main Account
2024-10-23,Lab Tests,-217.91,Healthcare,Main Account
2023-01-15,Etsy,-211.48,Online Shopping,Main Account
2023-02-08,Stock Dividend,3459.37,Investments,Main Account
2024-11-08,McDonald's,-362.48,Restaurant,Main Account
2024-10-28,Crypto Gain,522.63,Investments,Main Account
2023-08-16,Bonus Payment,2700.64,Salary,Main Account
2024-02-19,Freelance Project,1655.25,Freelance,Main Account
2024-08-16,Gig Payment,1940.59,Freelance,Main Account
2024-05-07,Trader Joe's,-112.22,Groceries,Main Account
2022-12-20,Stock Dividend,997.76,Investments,Main Account
2023-03-16,Best Buy,-407.38,Online Shopping,Main Account
2023-02-28,Chipotle,-151.68,Restaurant,Main Account
2024-04-02,Pharmacy,-423.37,Healthcare,Main Account
2024-03-13,Bonus Payment,2130.98,Salary,Main Account
2023-05-11,Olive Garden,-18.33,Restaurant,Main Account
2023-05-20,Stock Dividend,1400.34,Investments,Main Account
2023-03-07,Costco,-284.19,Groceries,Main Account
2023-04-03,Movie Theater,-449.57,Entertainment,Main Account
2023-06-29,Hospital Bill,-315.5,Healthcare,Main Account
2023-06-04,Gas Service,-87.03,Utilities,Main Account
2024-04-06,Etsy,-72.25,Online Shopping,Main Account
2023-06-01,Chipotle,-18.4,Restaurant,Main Account
2024-08-02,Annual Salary,3898.72,Salary,Main Account
2023-10-03,Bonus Payment,3872.64,Salary,Main Account
2023-01-10,Costco,-330.0,Groceries,Main Account
2024-03-23,Bonus Payment,1830.99,Salary,Main Account
2024-10-08,Lyft,-220.17,Travel,Main Account
2022-11-27,Doctor Visit,-265.46,Healthcare,Main Account
2023-07-23,Gig Payment,809.48,Freelance,Main Account
2024-08-13,Walmart,-239.41,Groceries,Main Account
2024-02-02,Bonus Payment,4856.68,Salary,Main Account
2023-05-22,Bond Interest,2815.64,Investments,Main Account
2023-12-22,Stock Dividend,1466.61,Investments,Main Account
2024-02-14,Gas Service,-112.08,Utilities,Main Account
2024-05-21,Bond Interest,4186.32,Investments,Main Account
2023-09-07,Bond Interest,1442.69,Investments,Main Account
2024-03-11,Amazon,-442.52,Online Shopping,Main Account
2023-11-28,Monthly Salary,1677.62,Salary,Main Account
2023-04-01,Lyft,-461.45,Travel,Main Account
2023-06-13,Electricity Bill,-151.33,Utilities,Main Account
2024-08-02,Trader Joe's,-230.91,Groceries,Main Account
2023-09-13,Crypto Gain,2192.7,Investments,Main Account
2024-06-29,Concert Tickets,-62.86,Entertainment,Main Account
2023-11-28,Kroger,-183.53,Groceries,Main Account
2024-02-10,Consulting Work,4387.47,Freelance,Main Account
2024-03-30,Whole Foods,-76.7,Groceries,Main Account
2022-11-28,Gaming Subscription,-455.58,Entertainment,Main Account
2022-12-28,Kroger,-216.99,Groceries,Main Account
2024-01-09,Annual Salary,4418.6,Salary,Main Account
2024-07-04,Best Buy,-54.04,Online Shopping,Main Account
2023-04-21,Netflix,-45.09,Entertainment,Main Account
2023-06-26,Dentist,-241.56,Healthcare,Main Account
2023-08-11,Trader Joe's,-45.35,Groceries,Main Account
2023-06-29,Bonus Payment,4107.54,Salary,Main Account
2024-04-10,eBay,-55.32,Online Shopping,Main Account
2023-10-06,Olive Garden,-238.88,Restaurant,Main Account
2024-11-14,Best Buy,-362.26,Online Shopping,Main Account
2024-04-21,Hospital Bill,-437.65,Healthcare,Main Account
2024-03-28,Gas Service,-429.83,Utilities,Main Account
2023-08-31,Etsy,-420.87,Online Shopping,Main Account
2023-08-15,Consulting Work,4368.38,Freelance,Main Account
2023-09-30,Starbucks,-42.6,Restaurant,Main Account
2023-12-20,Stock Dividend,2398.82,Investments,Main Account
2023-05-06,McDonald's,-221.83,Restaurant,Main Account
2023-09-15,Kroger,-236.69,Groceries,Main Account
2023-09-27,Delta Airlines,-17.47,Travel,Main Account
2022-12-08,Monthly Salary,1815.01,Salary,Main Account
2023-09-09,Panera Bread,-341.0,Restaurant,Main Account
2023-06-22,Annual Salary,3358.84,Salary,Main Account
2024-09-08,Amazon,-96.12,Online Shopping,Main Account
2024-03-15,Bond Interest,4313.97,Investments,Main Account
2024-05-24,eBay,-147.16,Online Shopping,Main Account
2024-06-28,Starbucks,-353.6,Restaurant,Main Account
2024-09-23,Walmart Online,-478.24,Online Shopping,Main Account
2023-08-15,McDonald's,-170.87,Restaurant,Main Account
2024-10-18,Bond Interest,3950.66,Investments,Main Account
2024-07-28,Dentist,-492.89,Healthcare,Main Account
2024-11-16,Bond Interest,599.55,Investments,Main Account
2022-12-19,Consulting Work,1964.77,Freelance,Main Account
2023-12-02,Spotify,-314.9,Entertainment,Main Account
2024-01-19,Freelance Project,1289.36,Freelance,Main Account
2024-03-18,Kroger,-374.8,Groceries,Main Account
2023-09-17,Lab Tests,-316.68,Healthcare,Main Account
2023-04-15,Walmart Online,-191.51,Online Shopping,Main Account
2024-01-24,Doctor Visit,-346.18,Healthcare,Main Account
2024-06-03,Lab Tests,-451.4,Healthcare,Main Account
2023-03-24,Airbnb,-166.47,Travel,Main Account
2023-01-05,Booking.com,-462.62,Travel,Main Account
2023-10-09,Spotify,-54.41,Entertainment,Main Account
2024-09-29,Costco,-227.83,Groceries,Main Account
2023-09-22,Gig Payment,3666.09,Freelance,Main Account
2024-09-07,Concert Tickets,-39.43,Entertainment,Main Account
2024-10-26,Monthly Salary,1619.34,Salary,Main Account
2023-12-23,Water Bill,-429.81,Utilities,Main Account
2024-05-19,Delta Airlines,-476.03,Travel,Main Account
2024-04-27,Hospital Bill,-19.39,Healthcare,Main Account
2023-07-31,Monthly Salary,3196.55,Salary,Main Account
2023-07-14,Consulting Work,1663.27,Freelance,Main Account
2024-05-30,Airbnb,-175.92,Travel,Main Account
2023-05-10,Trader Joe's,-248.77,Groceries,Main Account
2023-07-12,Uber,-428.76,Travel,Main Account
2023-07-29,Freelance Project,4220.41,Freelance,Main Account
2024-03-23,Gig Payment,884.69,Freelance,Main Account
2024-02-16,Bond Interest,917.27,Investments,Main Account
2024-01-26,Chipotle,-40.07,Restaurant,Main Account
2024-11-01,Hospital Bill,-158.25,Healthcare,Main Account
2022-11-19,Netflix,-436.13,Entertainment,Main Account
2023-10-14,Airbnb,-194.02,Travel,Main Account
2024-11-09,Airbnb,-82.62,Travel,Main Account
2023-07-23,Costco,-484.59,Groceries,Main Account
2022-11-20,Etsy,-461.63,Online Shopping,Main Account
2024-10-24,Olive Garden,-335.35,Restaurant,Main Account
2024-08-18,Dentist,-39.82,Healthcare,Main Account
2023-01-07,Stock Dividend,1325.04,Investments,Main Account
2023-10-21,Etsy,-314.74,Online Shopping,Main Account
2023-03-22,Best Buy,-485.25,Online Shopping,Main Account
2023-07-25,Bond Interest,1666.4,Investments,Main Account
2024-11-02,Chipotle,-93.39,Restaurant,Main Account
2023-08-04,Netflix,-267.07,Entertainment,Main Account
2023-01-09,Spotify,-134.86,Entertainment,Main Account
2024-05-05,Uber,-401.61,Travel,Main Account
2024-08-18,Whole Foods,-387.73,Groceries,Main Account
2023-06-08,Gig Payment,2378.68,Freelance,Main Account
2023-03-20,Walmart Online,-143.24,Online Shopping,Main Account
2024-06-23,Gig Payment,603.35,Freelance,Main Account
2023-08-26,Internet Service,-165.24,Utilities,Main Account
2023-11-10,Best Buy,-215.92,Online Shopping,Main Account
2023-10-15,Stock Dividend,2681.84,Investments,Main Account
2023-02-05,Lyft,-27.3,Travel,Main Account
2024-02-18,Netflix,-195.46,Entertainment,Main Account
2024-03-29,Bonus Payment,522.37,Salary,Main Account
2024-08-08,Amazon,-101.06,Online Shopping,Main Account
2023-11-16,Annual Salary,2496.21,Salary,Main Account
2024-07-24,Monthly Salary,2034.34,Salary,Main Account
2023-11-15,Bond Interest,2356.03,Investments,Main Account
2024-08-10,Annual Salary,4646.56,Salary,Main Account
2024-07-06,Movie Theater,-21.77,Entertainment,Main Account
2024-08-10,Amazon,-258.31,Online Shopping,Main Account
2023-05-13,Walmart Online,-386.93,Online Shopping,Main Account
2024-09-07,Doctor Visit,-436.93,Healthcare,Main Account
2023-03-19,Delta Airlines,-181.87,Travel,Main Account
2023-02-12,Bonus Payment,2724.53,Salary,Main Account
2023-07-11,Gas Service,-302.85,Utilities,Main Account
2023-02-20,Concert Tickets,-369.96,Entertainment,Main Account
2023-06-13,Stock Dividend,3890.73,Investments,Main Account
2023-06-12,Trader Joe's,-243.37,Groceries,Main Account
2023-03-22,Walmart,-406.88,Groceries,Main Account
2023-03-02,Freelance Project,3231.62,Freelance,Main Account
2024-06-09,Delta Airlines,-415.62,Travel,Main Account
2024-09-17,Annual Salary,1483.75,Salary,Main Account
2024-06-07,Movie Theater,-359.91,Entertainment,Main Account
2023-07-20,Hospital Bill,-358.37,Healthcare,Main Account
2023-01-23,Monthly Salary,2143.68,Salary,Main Account
2024-07-05,Annual Salary,2822.72,Salary,Main Account
2023-04-27,Gaming Subscription,-124.32,Entertainment,Main Account
2023-12-01,Monthly Salary,4608.21,Salary,Main Account
2024-03-16,Netflix,-65.54,Entertainment,Main Account
2022-11-20,Gig Payment,1484.68,Freelance,Main Account
2023-05-14,Monthly Salary,4491.28,Salary,Main Account
2023-06-30,Lab Tests,-408.06,Healthcare,Main Account
2024-07-21,Water Bill,-480.99,Utilities,Main Account
2023-10-08,Booking.com,-38.25,Travel,Main Account
2022-11-29,Delta Airlines,-416.65,Travel,Main Account
2024-01-22,Pharmacy,-298.68,Healthcare,Main Account
2022-12-17,Internet Service,-457.82,Utilities,Main Account
2023-05-10,Water Bill,-31.1,Utilities,Main Account
2023-04-16,Lyft,-459.24,Travel,Main Account
2024-02-19,Etsy,-432.45,Online Shopping,Main Account
2023-03-01,Panera Bread,-457.49,Restaurant,Main Account
2024-02-10,Consulting Work,1944.02,Freelance,Main Account
2023-08-21,Delta Airlines,-401.34,Travel,Main Account
2023-01-19,Spotify,-269.87,Entertainment,Main Account
2024-01-10,Water Bill,-164.78,Utilities,Main Account
2023-10-01,Chipotle,-79.13,Restaurant,Main Account
2023-11-09,Electricity Bill,-150.81,Utilities,Main Account
2023-06-04,Bonus Payment,564.27,Salary,Main Account
2023-11-16,Electricity Bill,-414.2,Utilities,Main Account
2023-12-15,eBay,-430.1,Online Shopping,Main Account
2023-03-31,Movie Theater,-339.7,Entertainment,Main Account
2024-07-20,Starbucks,-205.56,Restaurant,Main Account
2023-08-06,Internet Service,-355.76,Utilities,Main Account
2023-04-04,Consulting Work,1332.1,Freelance,Main Account
2024-11-12,Electricity Bill,-265.92,Utilities,Main Account
2022-12-09,Whole Foods,-166.42,Groceries,Main Account
2022-12-26,Gaming Subscription,-155.31,Entertainment,Main Account
2023-03-27,Bond Interest,4676.72,Investments,Main Account
2023-09-16,Annual Salary,2853.79,Salary,Main Account
2023-04-05,Consulting Work,4140.58,Freelance,Main Account
2023-10-22,Gig Payment,1347.9,Freelance,Main Account
2023-07-05,eBay,-458.64,Online Shopping,Main Account
2024-03-19,Panera Bread,-298.66,Restaurant,Main Account
2024-05-27,Bonus Payment,2596.84,Salary,Main Account
2023-12-27,Pharmacy,-12.46,Healthcare,Main Account
2024-06-17,Freelance Project,2463.97,Freelance,Main Account
2024-08-13,Monthly Salary,1116.28,Salary,Main Account
2023-08-22,Booking.com,-187.82,Travel,Main Account
2023-07-27,Airbnb,-437.29,Travel,Main Account
2023-08-08,Lyft,-213.66,Travel,Main Account
2024-08-04,Freelance Project,1428.05,Freelance,Main Account
2024-04-21,Concert Tickets,-467.76,Entertainment,Main Account
2024-04-27,Spotify,-111.23,Entertainment,Main Account
2024-09-17,Bond Interest,926.44,Investments,Main Account
2023-06-04,Bond Interest,3475.34,Investments,Main Account
2023-07-09,Freelance Project,2055.98,Freelance,Main Account
2024-04-22,Costco,-81.11,Groceries,Main Account
2023-01-05,Electricity Bill,-127.92,Utilities,Main Account
2023-11-25,Kroger,-359.67,Groceries,Main Account
2024-01-26,Airbnb,-338.92,Travel,Main Account
2023-01-07,Water Bill,-236.03,Utilities,Main Account
2024-09-14,eBay,-51.55,Online Shopping,Main Account
2023-10-06,Crypto Gain,2095.99,Investments,Main Account
2024-10-12,Uber,-486.79,Travel,Main Account
2024-03-24,Kroger,-376.5,Groceries,Main Account
2024-01-21,Lyft,-374.99,Travel,Main Account
2024-11-13,Stock Dividend,2350.06,Investments,Main Account
2023-01-28,Gig Payment,2184.27,Freelance,Main Account
2024-04-27,Walmart Online,-466.22,Online Shopping,Main Account
2024-03-05,Bonus Payment,3661.31,Salary,Main Account
2024-05-18,Walmart,-37.65,Groceries,Main Account
2023-05-30,Lyft,-165.45,Travel,Main Account
2023-04-07,Lab Tests,-191.01,Healthcare,Main Account
2024-04-17,Lyft,-462.39,Travel,Main Account
2023-02-23,Gas Service,-382.78,Utilities,Main Account
2024-07-07,Amazon,-43.74,Online Shopping,Main Account
2024-08-15,Concert Tickets,-209.11,Entertainment,Main Account
2024-04-08,Internet Service,-234.9,Utilities,Main Account
2024-09-17,Crypto Gain,4733.54,Investments,Main Account
2024-03-26,Spotify,-259.53,Entertainment,Main Account
2023-09-13,Gig Payment,1323.2,Freelance,Main Account
2023-07-20,Internet Service,-293.98,Utilities,Main Account
2023-02-03,Whole Foods,-149.61,Groceries,Main Account
2024-11-03,Airbnb,-265.17,Travel,Main Account
2023-11-22,Netflix,-270.77,Entertainment,Main Account
2023-02-27,Doctor Visit,-72.67,Healthcare,Main Account
2024-04-04,Uber,-398.29,Travel,Main Account
2023-07-16,Crypto Gain,2775.75,Investments,Main Account
2023-05-10,Annual Salary,3436.32,Salary,Main Account
2024-08-24,Freelance Project,2418.72,Freelance,Main Account
2024-09-27,Consulting Work,1618.86,Freelance,Main Account
2022-12-05,Lyft,-310.16,Travel,Main Account
2023-05-17,Netflix,-155.5,Entertainment,Main Account
2024-04-19,Monthly Salary,772.87,Salary,Main Account
2024-10-13,Uber,-453.2,Travel,Main Account
2023-06-12,eBay,-114.38,Online Shopping,Main Account
2024-05-18,Netflix,-489.17,Entertainment,Main Account
2024-08-19,Delta Airlines,-133.71,Travel,Main Account
2024-11-10,Costco,-50.45,Groceries,Main Account
2024-02-05,Walmart,-171.32,Groceries,Main Account
2023-08-27,Bond Interest,1615.61,Investments,Main Account
2024-07-10,Kroger,-434.97,Groceries,Main Account
2024-04-28,Bond Interest,1690.33,Investments,Main Account
2024-07-07,Dentist,-310.64,Healthcare,Main Account
2023-11-22,Annual Salary,2943.37,Salary,Main Account
2023-11-30,Movie Theater,-264.6,Entertainment,Main Account
2023-10-19,Pharmacy,-38.02,Healthcare,Main Account
2023-02-03,Etsy,-337.82,Online Shopping,Main Account
2023-08-18,Panera Bread,-478.99,Restaurant,Main Account
2023-07-29,Dentist,-426.04,Healthcare,Main Account
2022-11-30,Gig Payment,4265.06,Freelance,Main Account
2024-09-09,Internet Service,-206.92,Utilities,Main Account
2022-12-15,Electricity Bill,-442.27,Utilities,Main Account
2023-03-29,Bond Interest,3952.9,Investments,Main Account
2023-08-18,Olive Garden,-54.89,Restaurant,Main Account
2023-09-29,Gaming Subscription,-399.25,Entertainment,Main Account
2024-08-15,Uber,-55.68,Travel,Main Account
2023-11-13,Amazon,-100.53,Online Shopping,Main Account
2023-10-06,Hospital Bill,-462.99,Healthcare,Main Account
2023-01-05,Airbnb,-123.35,Travel,Main Account
2023-12-12,Gas Service,-270.4,Utilities,Main Account
2024-04-20,Whole Foods,-230.37,Groceries,Main Account
2024-07-18,Bond Interest,990.85,Investments,Main Account
2024-02-24,Whole Foods,-123.1,Groceries,Main Account
2024-04-30,Gas Service,-268.15,Utilities,Main Account
2022-12-17,Panera Bread,-244.06,Restaurant,Main Account
2023-01-31,Internet Service,-284.7,Utilities,Main Account
2024-01-12,Freelance Project,3573.87,Freelance,Main Account
2023-06-18,Crypto Gain,3904.95,Investments,Main Account
2023-04-24,Stock Dividend,1745.39,Investments,Main Account
2023-12-21,Monthly Salary,2776.79,Salary,Main Account
2024-06-09,Bond Interest,4340.09,Investments,Main Account
2024-05-15,eBay,-161.35,Online Shopping,Main Account
2023-10-28,Gaming Subscription,-327.47,Entertainment,Main Account
2023-04-14,Spotify,-234.63,Entertainment,Main Account
2023-07-31,Consulting Work,4635.39,Freelance,Main Account
2023-07-17,Water Bill,-87.41,Utilities,Main Account
2023-03-17,Movie Theater,-216.89,Entertainment,Main Account
2024-01-31,Best Buy,-63.41,Online Shopping,Main Account
2023-01-08,Doctor Visit,-221.64,Healthcare,Main Account
2024-07-16,Trader Joe's,-422.83,Groceries,Main Account
2024-03-26,Movie Theater,-350.53,Entertainment,Main Account
2023-05-21,Delta Airlines,-318.02,Travel,Main Account
2023-06-10,Stock Dividend,1427.65,Investments,Main Account
2023-07-14,Whole Foods,-190.56,Groceries,Main Account
2023-06-16,Internet Service,-117.31,Utilities,Main Account
2023-06-25,Bonus Payment,3327.13,Salary,Main Account
2024-08-01,Movie Theater,-225.92,Entertainment,Main Account
2024-09-25,Gas Service,-481.11,Utilities,Main Account
2023-09-08,Crypto Gain,3849.03,Investments,Main Account
2024-04-01,Annual Salary,2593.02,Salary,Main Account
2024-09-01,Concert Tickets,-428.36,Entertainment,Main Account
2024-06-30,Booking.com,-135.7,Travel,Main Account
2023-06-13,Walmart,-292.5,Groceries,Main Account
2022-11-25,Starbucks,-380.43,Restaurant,Main Account
2024-04-16,Monthly Salary,3258.59,Salary,Main Account
2024-04-11,Netflix,-335.58,Entertainment,Main Account
2024-03-03,Netflix,-493.32,Entertainment,Main Account
2024-01-12,Booking.com,-461.94,Travel,Main Account
2023-04-26,eBay,-37.09,Online Shopping,Main Account
2024-02-08,Walmart Online,-81.28,Online Shopping,Main Account
2023-03-03,Lyft,-257.89,Travel,Main Account
2024-10-21,Kroger,-81.16,Groceries,Main Account
2024-05-27,Annual Salary,4351.63,Salary,Main Account
2024-01-23,Walmart,-487.56,Groceries,Main Account
2024-01-14,Lyft,-290.62,Travel,Main Account
2024-04-29,Etsy,-228.3,Online Shopping,Main Account
2024-11-14,Monthly Salary,2998.01,Salary,Main Account
2023-08-22,Bonus Payment,3964.13,Salary,Main Account
2023-03-25,Etsy,-353.64,Online Shopping,Main Account
2023-04-09,Stock Dividend,576.16,Investments,Main Account
2023-08-30,Etsy,-369.94,Online Shopping,Main Account
2023-05-01,Spotify,-324.98,Entertainment,Main Account
2024-01-27,Gas Service,-259.76,Utilities,Main Account
2023-02-20,Olive Garden,-363.21,Restaurant,Main Account
2023-02-11,Dentist,-442.79,Healthcare,Main Account
2024-09-02,Movie Theater,-203.15,Entertainment,Main Account
2023-01-10,Pharmacy,-312.83,Healthcare,Main Account
2024-08-13,Etsy,-427.3,Online Shopping,Main Account
2024-01-14,Crypto Gain,4664.59,Investments,Main Account
2024-08-23,Spotify,-158.79,Entertainment,Main Account
2023-05-27,Uber,-48.84,Travel,Main Account
2024-10-25,Movie Theater,-492.33,Entertainment,Main Account
2023-05-17,Water Bill,-220.22,Utilities,Main Account
2023-10-17,Concert Tickets,-248.89,Entertainment,Main Account
2022-11-19,Concert Tickets,-389.18,Entertainment,Main Account
2022-11-22,Amazon,-125.61,Online Shopping,Main Account
2023-07-22,Airbnb,-267.6,Travel,Main Account
2024-03-11,Electricity Bill,-188.69,Utilities,Main Account
2023-03-06,Consulting Work,2231.41,Freelance,Main Account
2023-07-16,Bond Interest,2463.74,Investments,Main Account
2023-04-24,Trader Joe's,-362.66,Groceries,Main Account
2023-07-24,Olive Garden,-129.02,Restaurant,Main Account
2023-11-14,Bond Interest,3466.21,Investments,Main Account
2023-05-16,Freelance Project,711.26,Freelance,Main Account
2024-08-15,Gas Service,-407.12,Utilities,Main Account
2023-05-17,Walmart,-58.86,Groceries,Main Account
2023-07-07,Concert Tickets,-311.87,Entertainment,Main Account
2023-07-25,Bonus Payment,2723.26,Salary,Main Account
2023-09-24,Freelance Project,3065.51,Freelance,Main Account
2023-08-30,Delta Airlines,-421.08,Travel,Main Account
2023-05-01,Airbnb,-473.71,Travel,Main Account
2023-05-18,Freelance Project,2472.94,Freelance,Main Account
2024-05-06,Stock Dividend,2831.44,Investments,Main Account
2022-12-26,Dentist,-401.09,Healthcare,Main Account
2024-10-18,Netflix,-197.93,Entertainment,Main Account
2023-12-31,Monthly Salary,2958.89,Salary,Main Account
2023-05-07,Monthly Salary,4546.3,Salary,Main Account
2024-06-17,Freelance Project,3490.41,Freelance,Main Account
2023-08-26,Whole Foods,-283.01,Groceries,Main Account
2023-10-31,Bond Interest,2439.77,Investments,Main Account
2024-02-27,Booking.com,-444.22,Travel,Main Account
2023-06-23,Best Buy,-244.7,Online Shopping,Main Account
2023-03-27,Costco,-361.53,Groceries,Main Account
2023-08-12,Concert Tickets,-283.97,Entertainment,Main Account
2023-04-24,Walmart Online,-443.25,Online Shopping,Main Account
2023-02-09,Panera Bread,-174.81,Restaurant,Main Account
2024-02-18,McDonald's,-163.69,Restaurant,Main Account
2024-11-03,Costco,-306.64,Groceries,Main Account
2024-10-07,Booking.com,-480.93,Travel,Main Account
2024-01-23,Chipotle,-256.66,Restaurant,Main Account
2024-10-30,Annual Salary,3591.91,Salary,Main Account
2023-04-20,Etsy,-66.17,Online Shopping,Main Account
2023-11-30,Walmart Online,-119.63,Online Shopping,Main Account
2023-10-21,Lab Tests,-290.08,Healthcare,Main Account
2024-01-29,Costco,-259.76,Groceries,Main Account
2023-12-25,Water Bill,-345.25,Utilities,Main Account
2024-09-16,Walmart,-62.95,Groceries,Main Account
2023-09-22,Bond Interest,4066.54,Investments,Main Account
2023-10-25,Stock Dividend,572.04,Investments,Main Account
2024-10-13,Spotify,-177.1,Entertainment,Main Account
2022-12-21,Etsy,-426.55,Online Shopping,Main Account
2024-01-19,Freelance Project,2047.23,Freelance,Main Account
2023-10-14,Panera Bread,-482.48,Restaurant,Main Account
2023-02-08,Lab Tests,-349.2,Healthcare,Main Account
2024-08-14,Gas Service,-164.82,Utilities,Main Account
2024-02-19,Pharmacy,-443.29,Healthcare,Main Account
2023-12-09,Gas Service,-409.05,Utilities,Main Account
2023-11-02,Walmart Online,-176.48,Online Shopping,Main Account
2024-01-03,Bonus Payment,4198.54,Salary,Main Account
2023-12-19,Kroger,-198.4,Groceries,Main Account
2023-08-25,Freelance Project,4189.94,Freelance,Main Account
2023-04-21,Gig Payment,4681.71,Freelance,Main Account
2023-11-08,McDonald's,-403.43,Restaurant,Main Account
2023-12-15,Amazon,-11.09,Online Shopping,Main Account
2024-03-19,Delta Airlines,-214.81,Travel,Main Account
2023-09-26,Bonus Payment,4013.83,Salary,Main Account
2023-01-10,eBay,-153.44,Online Shopping,Main Account
2023-02-21,Kroger,-412.01,Groceries,Main Account
2023-01-07,Best Buy,-337.24,Online Shopping,Main Account
2024-05-30,Annual Salary,3935.89,Salary,Main Account
2024-05-16,Annual Salary,2307.5,Salary,Main Account
2023-04-28,Gig Payment,1543.18,Freelance,Main Account
2024-06-18,Netflix,-105.52,Entertainment,Main Account
2022-11-25,Movie Theater,-169.39,Entertainment,Main Account
2024-06-08,Dentist,-30.99,Healthcare,Main Account
2023-10-19,Consulting Work,3444.33,Freelance,Main Account
2024-09-15,Olive Garden,-382.04,Restaurant,Main Account
2024-06-06,Whole Foods,-398.06,Groceries,Main Account
2023-12-11,McDonald's,-149.33,Restaurant,Main Account
2024-06-24,Movie Theater,-162.28,Entertainment,Main Account
2023-04-12,Lyft,-42.57,Travel,Main Account
2024-02-22,Freelance Project,4976.58,Freelance,Main Account
2022-12-13,Electricity Bill,-205.89,Utilities,Main Account
2023-01-12,Dentist,-71.66,Healthcare,Main Account
2023-07-12,Chipotle,-81.23,Restaurant,Main Account
2023-09-20,Electricity Bill,-352.65,Utilities,Main Account
2024-04-30,Whole Foods,-210.38,Groceries,Main Account
2023-09-14,Freelance Project,3188.24,Freelance,Main Account
2024-03-15,Walmart Online,-495.11,Online Shopping,Main Account
2023-07-27,Amazon,-357.64,Online Shopping,Main Account
2024-05-21,Consulting Work,1217.34,Freelance,Main Account
2024-09-18,Whole Foods,-294.77,Groceries,Main Account
2022-11-25,Bond Interest,2237.08,Investments,Main Account
2024-07-20,Delta Airlines,-35.65,Travel,Main Account
2022-12-13,Amazon,-174.25,Online Shopping,Main Account
2022-12-19,Panera Bread,-463.36,Restaurant,Main Account
2023-08-26,Electricity Bill,-446.51,Utilities,Main Account
2024-10-05,Gaming Subscription,-404.92,Entertainment,Main Account
2024-08-06,Uber,-127.07,Travel,Main Account
2024-11-07,Bond Interest,2928.05,Investments,Main Account
2024-06-10,eBay,-390.06,Online Shopping,Main Account
2023-02-23,Monthly Salary,4125.36,Salary,Main Account
2023-04-10,Whole Foods,-212.74,Groceries,Main Account
2023-12-03,Hospital Bill,-27.49,Healthcare,Main Account
2022-11-25,Amazon,-483.2,Online Shopping,Main Account
2024-06-29,Lab Tests,-286.19,Healthcare,Main Account
2023-05-25,Airbnb,-353.1,Travel,Main Account
2023-11-15,Gas Service,-278.67,Utilities,Main Account
2023-02-16,Internet Service,-116.8,Utilities,Main Account
2022-12-30,Crypto Gain,1153.29,Investments,Main Account
2024-01-02,Annual Salary,3651.5,Salary,Main Account
2024-06-02,Delta Airlines,-324.35,Travel,Main Account
2024-04-06,Hospital Bill,-468.3,Healthcare,Main Account
2023-12-25,Pharmacy,-347.97,Healthcare,Main Account
2024-02-11,Best Buy,-212.7,Online Shopping,Main Account
2024-10-12,Stock Dividend,3115.42,Investments,Main Account
2023-05-24,Consulting Work,4914.23,Freelance,Main Account
2023-07-03,Olive Garden,-489.75,Restaurant,Main Account
2023-03-04,Panera Bread,-58.04,Restaurant,Main Account
2024-03-21,Olive Garden,-233.73,Restaurant,Main Account
2024-03-26,Electricity Bill,-341.4,Utilities,Main Account
2023-10-12,Amazon,-394.61,Online Shopping,Main Account
2022-11-29,Lyft,-126.57,Travel,Main Account
2024-03-14,Trader Joe's,-338.28,Groceries,Main Account
2023-12-19,Kroger,-230.48,Groceries,Main Account
2023-10-10,Netflix,-473.07,Entertainment,Main Account
2024-07-12,Kroger,-414.36,Groceries,Main Account
2024-07-20,Doctor Visit,-28.83,Healthcare,Main Account
2023-12-24,Crypto Gain,4844.61,Investments,Main Account
2022-12-17,Lab Tests,-101.36,Healthcare,Main Account
2024-05-29,Consulting Work,1847.45,Freelance,Main Account
2023-01-12,Netflix,-277.55,Entertainment,Main Account
2023-03-25,Walmart,-11.78,Groceries,Main Account
2024-05-10,Lab Tests,-38.28,Healthcare,Main Account
2022-11-18,Delta Airlines,-445.78,Travel,Main Account
2024-01-29,Lyft,-126.04,Travel,Main Account
2024-08-04,Whole Foods,-12.14,Groceries,Main Account
2023-12-06,Pharmacy,-384.17,Healthcare,Main Account
2024-06-09,Concert Tickets,-175.33,Entertainment,Main Account
2023-01-12,Lab Tests,-123.25,Healthcare,Main Account
2023-10-30,Airbnb,-51.27,Travel,Main Account
2024-05-16,Dentist,-144.38,Healthcare,Main Account
2022-11-27,Gaming Subscription,-99.21,Entertainment,Main Account
2023-04-06,Spotify,-329.08,Entertainment,Main Account
2023-06-18,Lab Tests,-471.19,Healthcare,Main Account
2023-01-31,Bonus Payment,4445.66,Salary,Main Account
2023-03-05,Monthly Salary,1095.27,Salary,Main Account
2023-11-07,Best Buy,-424.32,Online Shopping,Main Account
2024-02-22,eBay,-110.81,Online Shopping,Main Account
2023-02-09,Bonus Payment,3781.86,Salary,Main Account
2024-04-20,Etsy,-206.85,Online Shopping,Main Account
2024-05-15,Hospital Bill,-181.35,Healthcare,Main Account
2024-01-15,Monthly Salary,1706.99,Salary,Main Account
2023-04-07,Bond Interest,1780.93,Investments,Main Account
2023-04-26,Netflix,-161.37,Entertainment,Main Account
2023-12-22,Stock Dividend,4887.69,Investments,Main Account
2024-06-30,Gas Service,-16.01,Utilities,Main Account
2024-09-25,Monthly Salary,1015.91,Salary,Main Account
2024-03-10,Costco,-495.41,Groceries,Main Account
2023-06-10,eBay,-251.96,Online Shopping,Main Account
2023-08-22,Delta Airlines,-185.56,Travel,Main Account
2024-07-13,Electricity Bill,-476.52,Utilities,Main Account
2024-09-19,Gig Payment,3297.32,Freelance,Main Account
2024-04-26,Walmart Online,-453.47,Online Shopping,Main Account
2024-01-13,Gig Payment,3787.62,Freelance,Main Account
2023-11-28,Panera Bread,-16.13,Restaurant,Main Account
2024-02-09,Panera Bread,-375.84,Restaurant,Main Account
2024-04-06,Annual Salary,4674.84,Salary,Main Account
2023-07-31,Gaming Subscription,-209.38,Entertainment,Main Account
2024-06-11,Trader Joe's,-20.88,Groceries,Main Account
2023-06-29,Hospital Bill,-188.49,Healthcare,Main Account
2023-09-08,Walmart Online,-94.74,Online Shopping,Main Account
2024-02-06,Olive Garden,-297.17,Restaurant,Main Account
2023-08-02,Best Buy,-254.62,Online Shopping,Main Account
2024-01-13,Annual Salary,4353.08,Salary,Main Account
2023-08-31,Bonus Payment,807.39,Salary,Main Account
2024-07-17,Monthly Salary,546.67,Salary,Main Account
2023-01-16,Internet Service,-33.04,Utilities,Main Account
2024-04-05,Kroger,-198.12,Groceries,Main Account
2023-08-04,Walmart,-186.7,Groceries,Main Account
2024-01-15,Stock Dividend,2520.35,Investments,Main Account
2023-02-27,Gig Payment,1495.43,Freelance,Main Account
2024-03-16,McDonald's,-65.86,Restaurant,Main Account
2024-10-23,Water Bill,-65.14,Utilities,Main Account
2023-09-21,Walmart,-193.6,Groceries,Main Account
2023-04-25,Spotify,-141.27,Entertainment,Main Account
2024-01-20,Monthly Salary,4091.7,Salary,Main Account
2023-04-17,Hospital Bill,-254.43,Healthcare,Main Account
2023-01-10,Booking.com,-465.17,Travel,Main Account
2024-03-15,Walmart Online,-76.24,Online Shopping,Main Account
2024-02-25,Etsy,-438.04,Online Shopping,Main Account
2024-08-03,Spotify,-435.53,Entertainment,Main Account
2023-10-01,Gas Service,-335.29,Utilities,Main Account
2024-03-13,Crypto Gain,1205.27,Investments,Main Account
2023-12-11,Movie Theater,-411.52,Entertainment,Main Account
2024-04-16,Lyft,-451.11,Travel,Main Account
2024-08-22,Panera Bread,-311.23,Restaurant,Main Account
2024-02-25,Delta Airlines,-244.98,Travel,Main Account
2023-10-16,Uber,-399.69,Travel,Main Account
2023-07-03,Annual Salary,4401.53,Salary,Main Account
2023-08-15,Gig Payment,4463.28,Freelance,Main Account
2023-07-26,Bond Interest,1715.0,Investments,Main Account
2023-10-19,Electricity Bill,-151.21,Utilities,Main Account
2023-02-15,McDonald's,-237.08,Restaurant,Main Account
2024-05-19,Movie Theater,-81.09,Entertainment,Main Account
2023-06-21,Panera Bread,-159.68,Restaurant,Main Account
2022-12-20,Lyft,-27.76,Travel,Main Account
2023-02-14,Movie Theater,-35.74,Entertainment,Main Account
2024-02-06,Panera Bread,-392.63,Restaurant,Main Account
2024-05-01,Netflix,-357.78,Entertainment,Main Account
2023-03-22,Bonus Payment,852.7,Salary,Main Account
2024-04-25,Airbnb,-339.09,Travel,Main Account
2024-08-03,Gas Service,-50.65,Utilities,Main Account
2023-04-19,Doctor Visit,-497.27,Healthcare,Main Account
2024-01-25,Walmart Online,-425.66,Online Shopping,Main Account
2024-02-18,Lyft,-220.45,Travel,Main Account
2023-04-01,Uber,-74.93,Travel,Main Account
2024-09-05,Etsy,-374.85,Online Shopping,Main Account
2023-07-31,Hospital Bill,-62.71,Healthcare,Main Account
2023-11-24,Pharmacy,-353.09,Healthcare,Main Account
2023-05-26,Crypto Gain,4825.92,Investments,Main Account
2023-10-17,Freelance Project,2426.55,Freelance,Main Account
2024-01-22,Water Bill,-325.56,Utilities,Main Account
2023-12-17,Internet Service,-292.2,Utilities,Main Account
